{
  "name": "ch-production-docker-build",
  "description": "Build and deploy Ch production to ECS",
  "source": {
    "type": "S3",
    "location": "ch-production-source-1753092181/ch-source.tar.gz",
    "buildspec": "buildspec.yml"
  },
  "artifacts": {
    "type": "NO_ARTIFACTS"
  },
  "environment": {
    "type": "LINUX_CONTAINER",
    "image": "aws/codebuild/standard:7.0",
    "computeType": "BUILD_GENERAL1_SMALL",
    "privilegedMode": true,
    "environmentVariables": [
      {
        "name": "AWS_DEFAULT_REGION",
        "value": "us-east-1"
      },
      {
        "name": "AWS_ACCOUNT_ID",
        "value": "127679825789"
      },
      {
        "name": "VERSION",
        "value": "0.1.0"
      }
    ]
  },
  "serviceRole": "arn:aws:iam::127679825789:role/ch-codebuild-role"
}