{
  "family": "ch-project-task",
  "networkMode": "awsvpc",
  "requiresCompatibilities": ["FARGATE"],
  "cpu": "256",
  "memory": "512",
  "containerDefinitions": [
    {
      "name": "ch-app",
      "image": "${ECR_URI}:${IMAGE_TAG}",
      "essential": true,
      "portMappings": [
        {
          "containerPort": 8080,
          "protocol": "tcp"
        }
      ],
      "environment": [
        {
          "name": "ENVIRONMENT",
          "value": "production"
        },
        {
          "name": "API_VERSION",
          "value": "v1"
        }
      ],
      "healthCheck": {
        "command": [
          "CMD-SHELL",
          "python -c \"import urllib.request; urllib.request.urlopen('http://localhost:8080/api/v1/health')\""
        ],
        "interval": 30,
        "timeout": 5,
        "retries": 3,
        "startPeriod": 60
      },
      "logConfiguration": {
        "logDriver": "awslogs",
        "options": {
          "awslogs-group": "/ecs/ch-project",
          "awslogs-region": "${AWS_REGION}",
          "awslogs-stream-prefix": "ch-app"
        }
      }
    }
  ],
  "executionRoleArn": "arn:aws:iam::${AWS_ACCOUNT_ID}:role/ecsTaskExecutionRole",
  "taskRoleArn": "arn:aws:iam::${AWS_ACCOUNT_ID}:role/ecsTaskRole"
}