{
    "categories": [
        {
            "id": 1,
            "name": "Meat Products",
            "code": "meat",
            "display_order": 1
        },
        {
            "id": 2,
            "name": "Baked Meat",
            "code": "baked",
            "display_order": 2
        },
        {
            "id": 3,
            "name": "Dairy Products",
            "code": "dairy",
            "display_order": 3
        }
    ],
    "products": [
        {
            "id": 1,
            "article_number": "001",
            "article_name": "Premium Salami",
            "category_id": 1,
            "pack_size": "500g",
            "unit_type": "pcs",
            "group_1": "Meat Products",
            "group_2": "Posebne",
            "production_cost": 4.80,
            "production_overhead": 1.80,
            "logistics_overhead": 2.40,
            "marketing_overhead": 1.20,
            "general_overhead": 1.20,
            "profit_overhead": 0.60,
            "sales_price": 13.20,
            "created_at": "2025-01-21T12:00:00Z",
            "updated_at": "2025-01-21T12:00:00Z"
        },
        {
            "id": 2,
            "article_number": "002",
            "article_name": "Traditional Ham",
            "category_id": 1,
            "pack_size": "300g",
            "unit_type": "pcs",
            "group_1": "Meat Products",
            "group_2": "Classic",
            "production_cost": 3.50,
            "production_overhead": 1.20,
            "logistics_overhead": 1.80,
            "marketing_overhead": 0.90,
            "general_overhead": 0.90,
            "profit_overhead": 0.45,
            "sales_price": 8.50,
            "created_at": "2025-01-21T12:00:00Z",
            "updated_at": "2025-01-21T12:00:00Z"
        },
        {
            "id": 3,
            "article_number": "003",
            "article_name": "Baked Pork Roll",
            "category_id": 2,
            "pack_size": "1kg",
            "unit_type": "pcs",
            "group_1": "Baked Meat",
            "group_2": "Premium",
            "production_cost": 6.20,
            "production_overhead": 2.10,
            "logistics_overhead": 2.80,
            "marketing_overhead": 1.40,
            "general_overhead": 1.40,
            "profit_overhead": 0.70,
            "sales_price": 15.80,
            "created_at": "2025-01-21T12:00:00Z",
            "updated_at": "2025-01-21T12:00:00Z"
        },
        {
            "id": 4,
            "article_number": "004",
            "article_name": "Smoked Bacon",
            "category_id": 1,
            "pack_size": "200g",
            "unit_type": "pcs",
            "group_1": "Meat Products",
            "group_2": "Smoked",
            "production_cost": 2.80,
            "production_overhead": 0.95,
            "logistics_overhead": 1.20,
            "marketing_overhead": 0.60,
            "general_overhead": 0.60,
            "profit_overhead": 0.30,
            "sales_price": 5.90,
            "created_at": "2025-01-21T12:00:00Z",
            "updated_at": "2025-01-21T12:00:00Z"
        },
        {
            "id": 5,
            "article_number": "005",
            "article_name": "Roasted Turkey Breast",
            "category_id": 2,
            "pack_size": "750g",
            "unit_type": "pcs",
            "group_1": "Baked Meat",
            "group_2": "Poultry",
            "production_cost": 5.40,
            "production_overhead": 1.80,
            "logistics_overhead": 2.40,
            "marketing_overhead": 1.20,
            "general_overhead": 1.20,
            "profit_overhead": 0.60,
            "sales_price": 13.80,
            "created_at": "2025-01-21T12:00:00Z",
            "updated_at": "2025-01-21T12:00:00Z"
        },
        {
            "id": 6,
            "article_number": "006",
            "article_name": "Budget Sausage",
            "category_id": 1,
            "pack_size": "400g",
            "unit_type": "pcs",
            "group_1": "Meat Products",
            "group_2": "Economy",
            "production_cost": 1.80,
            "production_overhead": 0.60,
            "logistics_overhead": 0.80,
            "marketing_overhead": 0.40,
            "general_overhead": 0.40,
            "profit_overhead": 0.20,
            "sales_price": 3.50,
            "created_at": "2025-01-21T12:00:00Z",
            "updated_at": "2025-01-21T12:00:00Z"
        }
    ]
}